f_1,f_2,f_3,f_4,f_5,f_6,f_7,f_8,f_9,f_10,lsalary,hsalary
2.0584159588177533,-0.6589546045771588,0.04233125960042061,-0.07141419698412621,-0.03952821983581058,-0.0807698176029751,0.015422111780047107,0.01067449648334963,-0.0008884488423846586,0.00679607709084129,24000,27000
1.2790991220509738,0.1493721000747833,0.07381915326445032,-0.15194597530495735,0.19950514514809736,-0.008449339974621991,0.011464334511773243,-0.0001446481235680508,0.014534461456671123,0.0053922945660552285,20000,35000
0.053406651951882544,-0.26214722518723654,-1.9377047841252522,-0.35669631366184684,-0.39794379390901546,0.0029397503143577877,0.06234280267837453,0.010496485927295336,-0.010399720376151344,-0.0048169728609097975,3000,5000
-0.7178785234904042,0.4969295425065503,0.09733674512640889,-0.08298567200400445,0.006568854945148889,-0.05434055660481725,-0.006306217127437548,0.01091193140819307,0.0045463145928983685,0.007411547908879787,16000,22000
1.2800047610812455,0.15979826985967416,0.07157358948786596,-0.08523998405488298,0.0025801031543370503,-0.009550174131022191,0.006409300409551179,-0.003156402770304053,0.0012881784134436223,-0.004988344896232915,40000,70000
0.43557985928516896,0.8684014429444946,-1.904007474210409,-0.30731781663529734,0.09534569325681576,-0.06774682653875654,0.013750887133981022,0.006782058230037479,0.001885051956005376,-0.0067025396646152036,3000,5000
-0.6832095810162175,0.600005841282426,0.09940282697176839,-0.08062061910037852,-0.015998753949454825,-0.06168899957039947,-0.025551628455819674,0.00242130027773043,0.011779052244366178,0.008259124818461177,15000,20000
-1.5505447399765258,1.1619750344819948,0.12150403529201625,-0.03259209450513201,-0.050336609633348156,-0.012671120359498394,0.021007909735804027,0.007112392248640156,0.002961752874471585,0.015903172039794657,10000,12000
1.2251343366933156,0.003513475857080506,0.0675353930874758,-0.01987186073823058,-0.05241164030370325,0.00011598328061997176,0.0011322831234728981,-0.0068991828557906625,0.008549960013938922,-0.0024999107229395677,25000,50000
1.3112237225998182,0.25510067214314325,0.07656440402539788,-0.030871556929152506,0.14375318991096186,0.05519508504450419,0.0268093714218025,-0.001842864170256957,0.025269962602578334,-0.0005326467715375755,20000,30000
-0.6627464789559765,0.6606327220259769,0.10290293902638803,-0.061269779099577946,0.11968801825461303,-0.04125930551966042,0.03105552504805953,-0.0028132548990738053,-0.007999012327264729,-0.0050290583359745514,15000,20000
-0.10688477835780219,-0.8153085249941243,0.05781628976088893,-0.032709979551382225,-0.006517202119294553,-0.022786294216516453,0.023601339947123524,0.003494426760172412,-0.016250721010654723,-0.005716649016582243,6000,8000
1.1537594206726332,-0.13894907636944676,-0.933156430610043,0.19788900390502917,0.07383212534281158,0.0016999202531169065,0.008332373395752832,-0.0024657980375758885,0.02314499481375063,-0.005349403158027764,17000,25000
-1.5774821463782276,1.0693440534695915,0.11676248144562118,-0.19856606024435142,-0.1385175955192181,-0.08821698495427048,-0.040683680415342656,0.007755310238936889,0.019522155935935828,0.0037073463967607603,15000,25000
-1.8959180091536654,0.21742380503190706,-0.8970133482147093,0.2918581818842234,0.07116161308516546,0.038493384620365945,0.01524137605416342,-0.004233429460334198,0.01922541103022784,-0.006922468447816943,2000,3000
0.29324025724088676,0.4403752508940144,-0.9114116210704013,0.20751344900364954,-0.01242651081646906,0.033670495273973124,-0.015565815395697858,-0.013569769181706406,0.001569275114844967,0.011078549608639165,30000,60000
-0.5978425763702959,0.8682055555196914,0.10724651437300281,0.10680199557450433,-0.003037400960346791,-0.010565148864180762,-0.012359084711879407,0.0025146459480278925,0.005955991842875083,0.00581873825606482,9000,10000
1.1160668619373677,-0.3329297948929941,0.056686256494734355,-0.1975260497395579,-0.1791376205758621,-0.014706632124080968,0.002007707988046623,0.008616457017746883,0.010146039984519514,0.014733223741334189,15000,20000
1.2803842728599086,0.1812343814812135,0.07261653847673122,0.1441541389027835,-0.06710195359740462,-0.006064633803477087,-0.05009764622597344,-0.0013942593306912213,0.006243925884888309,0.013393751318205398,11000,20000
1.2750973144871813,0.13058876341334646,0.07006972280181412,-0.2556943084401751,0.010032852064290665,-0.0011201981107572707,-0.007385165756016016,-0.00022434987524087174,0.028834501378532572,-0.009433597414017426,25000,45000
-1.5505447399736756,1.1619750344929807,0.12150403526335474,-0.03259209455852133,-0.05033660941096921,-0.012671119309547268,0.021007910331824975,0.007112397185244057,0.0029617578261837193,0.015903161391329836,10000,12000
0.29324025724366676,0.440375250894359,-0.9114116210706615,0.20751344902060592,-0.012426510706532112,0.03367049576717286,-0.015565816208115982,-0.013569762002503885,0.0015692705560699308,0.011078546884981699,30000,60000
-0.5978425763726092,0.8682055555165473,0.10724651438358457,0.10680199554740462,-0.003037400907230474,-0.010565149277056245,-0.012359083773049392,0.002514638741665331,0.00595599347993676,0.0058187416029897385,9000,10000
1.2803842728438437,0.18123438149469406,0.07261653847755412,0.1441541390343854,-0.06710195378129975,-0.006064633823667367,-0.05009764630697737,-0.00139425832567849,0.006243930255381128,0.013393759051798479,11000,20000
0.14274227792179328,-0.08946860994735073,0.0738709843464771,-0.18388081877740892,-0.03974216488355736,0.014704251208843664,-0.02215594893110659,0.005876182476573758,0.009852965404307,0.004864808107492934,15000,30000
-0.5918181065989137,0.8664203850617566,0.10392610231336574,-0.13796102987338826,-0.11964412874900171,-0.04171680639784843,-0.032708332833583355,-0.0002234028400911537,0.008887512700847422,0.001405513242650762,20000,35000
-0.5353659489390896,1.0495525902796097,0.11236508464373829,0.07270828644873235,0.11629788580584323,-0.0929203468571862,0.006131492162372203,0.008788760149248507,0.012100082672604057,0.006766498915273185,14000,18000
1.3033841683453389,0.23552114871765661,0.07222921148965344,-0.021381487584591886,-0.10021348339349029,-0.00880062419671385,0.0005412798068508851,0.005718907608453141,-0.004830462076311923,0.012852892693884775,30000,55000
-0.7408468044185628,0.46308720307804674,0.0992209414271632,0.3212844246049616,0.010484828722436015,0.01337644701989204,0.022143135537374015,-0.008582180698600611,0.0004486768447628728,-0.00898415552949634,25000,45000
-0.7221311523360008,0.6047699937228526,-1.8984135505987452,0.13831012272719845,0.06030311334168747,-0.00064052296497372,-0.03564290937591373,-0.001948197223905938,-0.0042215903566641,0.005447212117213325,15000,20000
0.03711829359200136,-3.5070704395208754,-0.013713819907880342,0.044596952413497634,-0.022331454025368097,-0.002969103866937089,-0.0019513243208898676,0.012537711576038986,0.011543508593173653,0.01798685171872752,11000,16000
1.2662884698066978,0.10678941854160895,0.07099591709512465,-0.2160363372271482,0.06003184269001485,0.05968080326710766,-0.017428742599891273,-0.0067681947401233835,0.00792539858330954,-0.003036871071522041,20000,40000
1.2079646522202796,-0.03989097955373855,0.06784117434696224,0.0707417242127034,0.01038409120486642,-0.048716096076066265,-0.04649749022636958,-0.0020749052770367726,0.01202182846885758,0.009737544579825888,25000,30000
1.0957535131692193,-0.36964323795084164,0.05954312354608948,0.0948466152496825,-0.05221241107634425,0.015444789260414612,0.007095661391698054,-0.009954552530390315,0.0019277770645679884,-0.006963408539659153,14000,23000
0.25778982864045386,0.3339883647528118,-1.9258050866860676,-0.47138113320755665,-0.47749694986433866,-0.03858875375296607,0.03516445334071018,0.00749285889387803,-0.006916757225272992,0.0002740012961183272,4000,5000
1.1760539064170024,-0.13071548713176817,0.06649795099446276,0.11689798339451295,0.08572834736311861,-0.09392174256710721,0.016789410419154126,0.0024173446611678237,0.0028934348528989254,-0.0072925673249369,30000,60000
-1.5816383921908208,1.1397034491345461,0.12659539237715878,0.7872073936421466,0.04219844727174152,-0.061676303024179174,0.02411845898050774,0.0010193125411206802,0.0016431981277037731,0.0020579991494722475,15000,25000
-1.6955492739259994,0.7208707206315057,0.11485162340989863,-0.13480488682673103,0.18141308860599495,0.07955512574945438,-0.017914021046776148,0.01733300697815037,0.00843963680273625,-0.012575502256986263,15000,30000
2.1616424114564508,-0.3551683691635379,0.05122823191218062,-0.07391686457151875,0.03773093006436393,0.01124516130478041,0.01779817587662215,0.0030615738083942844,0.008077727215905026,0.011951309669411027,45000,70000
0.24519441896677785,0.2592475451983086,-0.9150734648611549,-0.22056398639177133,0.13553918773074736,0.11392962810669119,-0.05553929444580564,0.05307700536509985,-0.001923641644958663,0.0020015396976567805,35000,65000
2.058415958858232,-0.6589546045391941,0.042331259548487044,-0.07141419683232432,-0.039528219120315844,-0.08076980980448621,0.015422105188434872,0.010674575287523207,-0.0008884617397982384,0.006795993173186765,24000,27000
1.2251343366878644,0.0035134758594530524,0.06753539310290879,-0.019871860717441403,-0.052411640274264995,0.00011598341704734116,0.0011322825981993755,-0.00689917418030113,0.008549955742231944,-0.002499900742567278,25000,50000
1.3112237225847334,0.2551006721495336,0.07656440398723552,-0.030871556845728815,0.14375318952457294,0.05519508477298496,0.026809370788775787,-0.0018428658113840853,0.02526996661789368,-0.0005326525293723626,20000,30000
1.1537594206934725,-0.1389490763863246,-0.9331564305993776,0.19788900376886998,0.0738321255451169,0.001699919963881913,0.008332374619547661,-0.002465806205645346,0.023144992183115207,-0.005349408393261715,17000,25000
-1.8959180091677472,0.21742380505095604,-0.8970133482141229,0.2918581820431089,0.07116161298626447,0.03849338535941891,0.015241374977834668,-0.004233420116338811,0.019225414296665196,-0.00692246637416497,2000,3000
1.2750973144746043,0.13058876341487702,0.07006972280610668,-0.255694308367266,0.010032851870411759,-0.0011201987360026748,-0.0073851665127007025,-0.00022435112106148443,0.028834499024911128,-0.009433589535616089,25000,45000
1.2301079641116899,0.01578250786312474,0.06787543958087827,-0.04625373279725374,-0.06002011405116814,0.042642422756072974,0.007527930337554554,0.0016258966055757394,0.006219517272443773,0.001336070528973859,25000,40000
0.1538404564903617,-0.018866528045114794,0.0791226224437751,0.26484504872734455,0.04254712450991966,-0.0033558812187267466,-0.01003702461385398,-0.008841239232916062,0.005243537527904796,-0.003191481494511407,30000,60000
0.3831920929289012,0.674667975219062,0.09542926148468744,0.43128424812177624,-0.03560549720477847,0.07271571376180613,0.02527618607543365,-0.007463078631052434,0.01760286499714342,-0.005533300887667883,25000,50000
-1.8568908268968773,-2.867844364569004,0.019000700419721017,-0.010696898169071267,-0.015985543255059714,0.001424013802598642,-0.0009410964414969299,-0.00022380476263600727,0.02532742260654871,0.001418421133224785,20000,28000
-0.653377049901176,0.6982662499767953,0.10273626275140257,0.039334962034978854,0.015056962655904754,-0.05188073246797084,0.001170828432039148,0.0020168403045253674,0.022850389967181445,-0.0022654449435954883,10000,13000
1.2670466307642347,0.12033063053027215,0.06969355676810274,-0.10497715294728256,-0.0792390570805098,0.02504336413192987,-0.022308948618459903,-0.004951824721368622,0.005316674935064356,0.002786764156899251,35000,50000
-1.659386859564935,0.8457367764829814,0.11471918567137163,0.03670055064791185,-0.02111595406062705,-0.03602990439935601,0.014286860081845718,0.0022349567516922074,0.0202564769251342,-0.002370616253015801,12000,15000
-0.5832824913912051,0.8938238610863615,0.10435085638670127,-0.11486154947988123,-0.14648352621799043,0.00842511328843067,0.028985290052114067,0.0005011922549103846,0.01851245108007054,-0.0007757889052833478,25000,50000
1.1850104286878276,-0.12047394134236367,0.0646947454841511,-0.0763609921617599,-0.07779054651534961,0.08790485190607863,-0.013131657599316136,-0.005179051799379586,0.003919803891203985,0.00992577602794021,20000,40000
-1.5828363852259708,1.0659684359353092,0.12101018602704539,-0.01776341545965269,-0.045074883516473624,0.24184163188130747,0.061080164968736216,-0.0188332271713356,0.009981354401345243,0.014249020589170863,20000,35000
1.3015508291719424,0.18026608824429802,1.0700746453004895,-0.014659022266210901,-0.1807888371236755,0.0035262927570544472,0.032233281144584285,-0.0005300951120307324,0.0007330852115900836,-0.008436381004414588,12000,24000
1.264206555001063,0.11509117615711917,0.06986530479903275,-0.06591381270746978,-0.08666026225474818,0.06145346453583027,-0.0021550001497904654,-0.0020024639894393164,-0.004338003171732885,0.0012079795312708533,40000,60000
-1.6991377249626256,0.7266977480111657,0.10872909983214374,-0.004342271479849266,-0.22566116284186197,-0.03772366937883319,-0.006242238558603008,-0.0008819945516732076,0.017418624520672433,-0.0040537073495020524,10000,11000
0.33828464896994204,0.5169645793582547,0.08945950719642148,0.13675912886307617,-0.08258605677477318,0.06870153794289682,0.010304044326397003,-0.004688887625545478,0.013255205002031565,0.01628118864161595,30000,60000
-1.5923837704517783,0.9750374205538466,1.1180588051333848,-0.15987100395615916,0.016066234261190825,0.010484701382163286,0.00025916497395995185,-0.0016805456899335754,0.0036071731278364653,0.005141431216011686,30000,50000
-1.8341254110181717,0.32589782274879064,0.10281173875558203,0.008772660801124543,-0.009849550756930878,-0.02440294777609728,-0.010720452342904689,0.0029902581499094295,0.008337809226094468,0.012868205586008614,20000,40000
-0.10688477836509414,-0.815308524996537,0.05781628975193076,-0.032709979593288196,-0.006517202111160858,-0.022786294471527368,0.02360134051717481,0.003494425162145139,-0.016250722259964545,-0.005716652845495088,6000,8000
0.060944945642124715,-0.2365957210986136,-0.9244645387439567,0.34737668939696525,0.12269553323348188,0.049820118938212976,0.028140053613442767,-0.005977134430948989,-0.005409203400285836,0.01105293884628077,30000,55000
1.2661020892480912,0.11865873364747248,0.07390551335768869,-0.05952170531250133,0.20799326184516304,-0.011060440512362216,-0.016553340648210315,-0.002796205055795946,0.01165114131379651,0.0016619963191870004,30000,35000
-0.5871128093529454,0.887672712234988,0.1051118416164476,-0.05046027598771595,-0.11005329436778644,-0.010446233298543581,0.0036861644807773108,0.00028869662972124104,0.009939307785988713,0.004458042660636593,20000,25000
1.1841725759601989,-0.1306923779851683,0.06500786245961754,-0.15953703928753676,0.057052307237438524,-0.01997379607126169,0.02204072190837012,-0.002680043748382388,0.005120680812091719,-0.006327794102630067,25000,35000
1.1689157182347687,-0.095936952611964,0.06832545744623753,0.7481000770997838,-0.1305023888858089,-0.033327616375084676,-0.026769358889107787,-0.005532901149170956,-0.01154034187980136,0.0044505095857642245,16000,22000
1.225212043813996,-0.049761235988206476,1.0663439697901493,-0.04787302777594359,-0.07485890357877889,0.016550466301604887,0.0019119133346138673,0.0030950463474450013,0.007183211951975108,0.0025360262320304108,20000,35000
-1.8568648424577594,-2.867886744587768,0.019078485138122492,-0.01078888295278476,-0.015789726120944342,0.0007485566860523582,-0.002245363258711901,0.005459692639020454,0.000493221549809849,0.0048793490392775325,25000,45000
1.1662061817933336,-0.16233079823294516,0.06446559249175099,0.08051589398218491,-0.034459496640794535,-0.019183352509099864,-0.0126728370217873,-0.002647383218862147,0.0007249300501975062,0.0056510494764990225,30000,50000
-2.8038605342983893,-2.5482836130779543,0.035437336280980336,-0.0384907158849179,-0.012609358364133641,0.0027285304615340886,-0.0014598390109672732,-0.003117511932146349,0.006066413359234878,-0.005590635256515731,15000,30000
-0.5821180628972593,0.9427040510151862,-0.8940421116039166,-0.17193722352128776,-0.09647461340942137,0.04186069138409561,-0.005505351841611323,-0.0047738272066613,0.00011481847624125047,-0.005635288265137723,12000,15000
1.2214818304643158,-0.01086119064747515,0.06844933019253796,-0.05022000293122265,0.05082495623760854,-0.025578559898439972,-0.013629078240718165,-0.0042056251703322415,0.0001675725779374717,-0.0007158990227460532,26000,30000
-0.707443011244532,0.5361207656424953,0.09922437067221113,0.018842319767726615,0.013838170200304832,-0.01400713874014187,-0.00787609053006077,0.0034693662108698274,0.0011086286477380372,0.012517484456573703,30000,60000
0.037138742767478305,-3.50710231108701,-0.01376485025368801,0.0441944075131971,-0.022036398006112193,-0.00388552979972517,0.0010605284595741078,-0.004210379285343189,0.0077870529690381406,-0.00788438354483854,30000,60000
1.1592219030594806,-0.2518954881632871,1.0623475425064592,-0.11751270494268759,-0.0008296842545460967,0.018189714088476312,-0.00155237071379335,-0.0030822860963981933,0.008748790413294981,-0.00804597698269145,20000,40000
2.2722323331933536,-0.038736805346402337,0.05736666762571385,-0.2053151544880023,0.022612501850496514,-0.031474656560461486,0.009742608367672571,0.0009022054488176292,0.0014032802839507464,0.003100859702605792,75000,90000
-0.9098591555602875,-3.187497600611576,0.0026493152823054977,0.01663576158617265,-0.01884647380849569,-0.0016345400289558727,6.458927020143099e-05,-0.0028015003963189388,0.0056254669030658885,-0.005475521004124115,11000,20000
1.2345404637006419,0.027059666140825,0.07094404875564964,-0.04555196148758542,0.1524395117992478,-0.01615903485301434,0.0009424805249606694,-0.00294171630069329,-0.0026041334568033484,0.008973053212102101,30000,60000
-1.934721739286727,0.016039890033121562,0.09521421209398095,-0.1282960052566718,0.0013024527857039003,0.01677133532531504,-0.0004225722368682832,0.0013246857642259496,0.010437575386418388,0.0077658978366639,25000,35000
-1.5505586924312607,1.1619864336053545,0.12148591128556685,-0.03260425711757933,-0.050260107637858334,-0.012484753200273136,0.021449406729525694,0.006502020796892671,0.006124323801993046,0.012975177580720408,10000,12000
0.22910327978452916,0.17715886304822048,0.08244645615733903,-0.04231997667680132,0.0713078187498293,-0.0005918800789459847,-0.007054580396179681,-0.005186666647802482,-0.005700514579696104,0.007129042290608491,25000,50000
-0.8995573528504306,-0.043385660026314055,0.08461757706344963,-0.11089386997999132,-0.01324398043950735,0.011768197871392966,0.013543769627992265,0.0026900834841607907,0.0018052191679108869,0.012200038821360204,12000,24000
-1.6372445517133136,0.9025432769202626,0.116229898869054,-0.05902421288389628,0.039088760303666044,-0.06462190040577531,0.009446503440400244,0.0002834225052602078,0.014694607527962533,-0.013393621769583112,15000,16000
-0.8177311797466653,0.2083948437000609,0.09359984183857462,0.019590078376730283,0.1628220284901742,-0.028408059891876006,0.002543137881564272,-0.0014430741372236518,0.009508214460952437,0.008013945758890216,30000,60000
1.199753122106785,-0.0759482851452995,0.06787709603702963,-0.05381519927264272,0.14702336971158964,-0.07414231857509503,0.005735578847695424,0.00809853950150426,0.019874536047272726,0.0029364416964974185,20000,40000
-0.6998648880594698,0.5690553486041945,0.09934102936100819,0.13100192807082905,-0.0753667947260449,0.011341916759778036,0.009862591206639295,-0.002890747561326904,0.008451707337896349,-0.00014104295743097225,20000,35000
-0.727371904520395,0.4936292710405349,0.09602599436328907,0.18385828142172173,-0.18953867373612085,-0.015493812316533028,0.012719711882600822,0.00825220794730514,0.003055241946010182,0.014882697372350052,20000,40000
-1.488587849139597,1.334242217154886,0.1264025574625145,-0.14847921972012412,0.025587003615675247,0.02878567629193204,-0.019410367765783164,0.01979225270709689,0.0097796022379458,-0.01564942771785574,30000,60000
1.3039887518780713,0.35119982298242514,-1.922831059832728,0.12814895300807005,0.0605734545818825,-0.013874834850595496,0.02135969148849373,0.000588633447350719,0.010268052570125696,0.0033226122372739847,15000,20000
0.29777804887287385,0.4005704293353465,0.08754309049564002,0.18129107371735315,-0.03299352999632635,0.03311668779232023,-0.010502652720244433,-0.014761863552739136,0.007413048385008159,0.006885166335765652,40000,70000
0.03714368631148002,-3.5071074889400213,-0.013758091227002556,0.044199407410290284,-0.021991773615883933,-0.0035970305855499186,0.0006856987758915665,0.00014302707065173164,0.0036295055237889513,-0.00784165812381262,30000,60000
-0.6441332054159634,0.7019051260264306,0.10155176050527359,-0.23248331377147252,-0.016949681769454245,0.038355771680432554,-0.012313357486491427,-0.006909327886581438,0.013943406403123044,-0.002951182524886172,22000,30000
-1.5223628806609169,1.2720630428215223,0.12509003113904615,0.2714466814573484,-0.08980931240805579,-0.02815410766933747,0.019326356386750593,-0.002428739183545124,0.005509795570571362,0.0004944045182371402,15000,30000
0.34555585801453637,0.6038657305184427,0.09415214941652073,0.8823228910467633,-0.14456906739299366,-0.03543733161872459,-0.015043020056338173,0.05521711555597246,-0.006258963474279604,-0.009870344236311591,30000,60000
-0.7457272373873907,0.4489408176052663,0.09891315802475331,0.32468848214329193,0.010924616428291352,0.010939268818227193,0.021875448241791794,-0.009326316294470711,-0.0024440511737833723,-0.011061095820703795,30000,35000
-0.6590258923773931,0.6976537641114179,0.10370403444904053,0.22739741705488953,-0.018113422838524726,0.00615897157824934,0.017034296393410767,0.0027064515992740916,0.00806691507134047,0.004228356352393272,18000,23000
1.0772675472165414,-0.44053520644080346,0.05761537682231044,-0.08918832650058797,0.016920321108545508,-0.022207870751586933,-0.00017804998611681278,-0.0044558991239091504,0.006653898471745846,-0.016019984488701337,18000,30000
-1.695424511375019,0.7148944249746334,0.11258339898448666,-0.22358653279474439,0.09643392356260609,0.03472026788190695,0.003951206171128563,-0.0023286533563770745,0.006220299977622901,0.009823077507656559,25000,45000
-1.603524519386402,1.0317226897394927,0.11951376808595793,0.2695202530687969,-0.07809898147631467,-0.06189474611260497,-0.01404547384360241,0.0024620709461520736,0.0050103430931042955,0.011091021372928458,10000,15000
-0.6627512542850842,0.6702534909853974,0.1019832358510313,0.03805193517351367,-0.04118643233799585,0.04946727927352383,0.015412795744616662,0.00011745926667177807,-0.0064890393843790185,-0.0016174732857107106,15000,27000
1.2845629866426957,0.1638793219074408,0.07206622125941387,-0.18452605297998048,-0.005948279976341585,0.1240444461030542,-0.029471926831959136,-0.013994324902895044,0.012969205265473977,0.003905058439616105,20000,25000
0.21734101180915522,0.16053148945989637,0.08037321941801157,0.14389899689554442,-0.07846374451973925,-0.08194696977778679,-0.0419625909620828,0.002199324163334988,0.009130474646747797,0.012127689347453416,15000,30000
1.235958915083868,0.03416415043440657,0.06810863112153864,-0.0369923022991631,-0.06641399753604495,0.0149494811078471,-0.00602552396084912,-0.008826738110413977,0.005944498677842549,-0.0015519510835372494,25000,50000
-0.6560582066147509,0.6879512756076891,0.09948319184083321,-0.009773773621451015,-0.19042596413591387,-0.008161142161570035,0.012624315016694676,0.0008223200482452206,0.0014053134876844692,-0.005082932412548721,15000,20000
-0.6998648880596203,0.5690553486046634,0.09934102936291023,0.1310019280789551,-0.07536679472606198,0.01134191679078404,0.009862591124656617,-0.002890747075462099,0.008451707163253143,-0.00014104262372145997,20000,35000
-1.7544464617825506,0.5512857744888702,0.10744169833046913,-0.11333006221773101,0.034629995237999006,-0.09287433620092751,0.010425244653867937,0.004189015823629857,0.010261395655127056,-0.002836310590118879,12000,20000
-1.5236731497456117,1.2479645896455496,0.12323533767718331,0.03674740432855704,-0.09131251752974714,-0.0155608978445092,0.021657370872419326,0.003207685799654667,0.007066601258139037,0.005596816913075594,12000,20000
0.32959490809752623,0.4861196440133101,0.08930720464200714,0.08201442909170929,0.029606363483496677,-0.04118813005475237,0.012238737415976092,0.0024217203093790975,0.007943072822286821,0.007297240461211662,20000,40000
-0.6024209618382814,0.8467280591246072,0.10362984193355418,-0.004687259664273004,-0.1916525690858481,0.039945677559067735,-0.014871508725914407,-0.010961400080537833,0.008627150166956137,-0.0051428656403396875,12000,20000
0.21941321987927198,0.21874568234767244,-0.9168216788547574,0.1706577176237794,-0.018476175722767108,0.03770863169539179,-0.031167911040552165,-0.0057090969443017526,0.004532481373116227,-0.010093584174513007,25000,50000
0.15381032047414722,-0.018839041262513012,0.07910384342932586,0.2649927553034401,0.042378191282974986,-0.003250946536902919,-0.010798806607531153,-0.005942910206715627,0.010870322034202354,-0.0003552811670234331,30000,60000
1.2163682510929958,-0.029555295452379005,0.06575257445406102,-0.10837215532425595,-0.08056788211207147,-0.016503455706703345,-0.012788531488623361,-0.004633943308601095,0.015384244512024428,-0.005874302273884403,15000,25000
1.3133010054890937,0.26573856597285395,0.07134652007962483,-0.026708174044447308,-0.19089448620651034,-0.036761562467757136,-0.0004057156188278163,0.013934689837466357,0.00933870519543728,0.010275661607811699,15000,17000
0.4204542221306644,0.7616744655971008,0.09789013284306636,0.17710758595137993,0.05057006184269983,0.1459846121930321,0.02130585478792428,0.05164212798075922,-0.002009861305906628,0.0006853517484118874,35000,65000
-1.8739482335407234,-2.8153759336651794,-1.9798461485454588,-0.00014344798916222923,0.014337682481301163,0.014939232258368162,-0.009265971752232632,-0.0013735679455312382,-0.002198726146333386,0.004280112935627666,16000,24000
1.3128381728859706,0.2166225298233173,1.073068100453924,0.03405218808314636,-0.05805077801233961,8.400107227787487e-05,0.015537598745095289,0.0018538034549701375,0.013167202494813662,0.0016389106582060534,30000,45000
-1.8568542999191568,-2.867897810370673,0.019081094640998053,-0.010888299532927956,-0.015628729883124498,0.0005262099826668053,-0.0010428496242029187,-0.0024857414287703695,-0.00043747617216399574,0.004381383380848717,35000,70000
-0.1961876774362783,-1.0275635369092655,-0.9463742899236427,-0.014032931892950663,0.034220450728040266,0.019231187761013683,-0.014805987685037917,-0.004955789384774745,-0.010758590601456638,-0.01097472620566867,40000,70000
0.4355798593001019,0.8684014429690201,-1.904007474072821,-0.3073178161677116,0.0953456935056835,-0.06774682291105975,0.013750881687182819,0.006782103959117077,0.0018850449712717356,-0.00670252249218114,3000,5000
0.25410541633760353,0.24390419356952486,0.08527019886493159,-0.11339310886324844,0.1959869789123327,-0.01414604692475609,-0.004942404865999572,0.0019116962518346884,0.009719720170481439,0.00012524854341086633,22000,28000
-0.6627464789454347,0.6606327220102471,0.1029029390629086,-0.06126977915292705,0.11968801848789308,-0.041259305598476126,0.03105552458545647,-0.0028132508669046156,-0.00799902421688722,-0.005029054874830007,15000,20000
-1.679742333371469,0.7612739972245846,0.1119521880356138,-0.23778742474089465,0.015936251436210483,-0.008789986027032948,0.014887323476420638,-0.0038891459399786315,0.0005781117542173406,-0.011872742816118763,15000,20000
-0.6705670972034978,0.6407386010324994,0.10363000525481247,-0.01529334836614328,0.13658445224077656,0.0334024481198412,-0.024709828084491587,0.015809893461712122,0.010625358825239368,-0.013720017074374318,18000,30000
1.1777392118966046,-0.15450613398282576,0.06103310617573543,-0.23963240614424802,-0.16724992555188709,0.014217886940338039,0.0007929311102248381,-0.0009373521118545584,0.0019320490731655916,-0.004984308790576897,24000,30000
-0.6122488511007229,0.8366834235832514,0.10825281010766474,0.24351472010458342,0.07345237612620766,-0.02548312102435885,0.0001241999538950083,0.006506252213535013,0.009451712756555222,0.007765641560392916,15000,20000
1.1493260478954923,-0.21472630261083192,0.06553358993888692,0.071804503945703,0.1172467918478955,0.0028369749212069674,-0.004106671182478322,-0.0024726430153430476,0.010082857865176206,0.007173593597169325,40000,70000
-1.6455167724489557,0.8677497701355102,0.11495232044340131,-0.17621476188150825,0.033347445190117876,-0.015958569765570665,0.03169863312379883,0.0009101048582118999,0.006040198491083608,-0.0013967463799163327,13000,25000
-0.7440406757091929,0.42134458299791133,0.09546950863053638,-0.06142295813585492,-0.03632038303602411,0.014976770668555846,8.047165504469593e-05,0.0015982593588061923,0.0107686323002565,-0.0013416898338665549,25000,35000
1.2242723693214699,-0.004707456879692984,0.06773917280413677,-0.08060693594662283,0.008808608996414335,-0.00964778183772513,0.024030856071923956,-0.0008935107836553539,0.008598814654299982,-0.002423280543646676,30000,40000
-2.8038848331634827,-2.54825382982993,0.03543030368356925,-0.03828885886783923,-0.012839664910367768,0.0031103067358135457,-0.0023508022999155186,-0.000648730575838382,0.014975215645165359,0.0017690120157625453,8000,11000
1.2463163699878703,0.10239835340517112,0.07363518918381873,0.4120867184950227,0.008971880541142174,0.05212995102657632,-0.006725864205861623,0.05429145141025843,-0.00020435710663127722,-0.003974122477364547,45000,70000
0.16880258420291705,0.019947769874731458,0.07950516531468788,0.19915370290258572,0.03860319499208484,-0.008254379810884716,-0.010678607205114647,-0.0008560788023395883,0.01365383621618084,-0.005256595053732478,6000,11000
-1.7117194991459135,0.710551198378707,0.11452243352826708,0.2815325915141459,0.04128732548179361,0.052639699584424215,0.011380667963824533,0.01936075846548407,0.006626338072360152,-0.019392566735584614,15000,25000
-0.6906894004119866,0.5885577537138071,0.09902430634070836,0.03893490879678484,-0.0801453285064343,-0.0177769926536859,0.0041019392066045605,-0.0023471394468701124,0.011349362003543115,0.0010658893758930988,20000,35000
-1.0738565720830877,-0.5746591599493591,0.07168033536920193,-0.283076625372301,-0.0564105053980512,0.1711218417411061,0.01766494571855915,-0.008874758087072634,0.006468279104063241,0.013565719666500838,15000,30000
0.03710809983581331,-3.507063013881039,-0.013795401773852412,0.04445078618590338,-0.022358157383370644,-0.00312304057568975,-0.00016637179738362984,0.0021677296026111296,0.019913728789630138,-0.0035857643313451995,20000,27000
-1.622602388175042,0.9517102282132108,0.11663460726988051,0.00031822969341097074,-0.060714149374983845,-0.023287231197631663,-0.010141285153381228,-0.00028331951218172604,0.007785499988981814,0.0064770735588838375,20000,30000
1.2790991220041112,0.14937210011856827,0.07381915312328191,-0.1519459752352873,0.19950514439699435,-0.008449341834270572,0.011464337884406562,-0.00014468274481223525,0.014534498104247062,0.005392304137678087,20000,35000
0.4355798593001019,0.8684014429690201,-1.904007474072821,-0.3073178161677116,0.0953456935056835,-0.06774682291105975,0.013750881687182819,0.006782103959117077,0.0018850449712717356,-0.00670252249218114,3000,5000
-0.6832095810164063,0.6000058412886071,0.09940282704391246,-0.08062061900012182,-0.01599875357135014,-0.06168899819318796,-0.025551630359649642,0.0024213203614266666,0.011779043653892825,0.008259129009906403,15000,20000
-0.7720601356238728,0.35216090412929923,0.09555913529758842,0.10414298485975883,0.03815141215379503,-0.02778778750167368,0.009589576611144826,0.006356555202262124,0.004165161218260466,0.007825640925257534,40000,60000
0.24746842242248723,0.29113321622674015,-0.9151013116246842,0.05322583328109784,0.016608446340933745,0.06685777666901574,-0.019751287308915674,-0.01180596342622132,0.004617187478592147,-0.0021330563009171197,20000,40000
1.148112843979494,-0.21256713712069808,0.0631962228824654,0.11575637514207458,-0.03124043775545665,-0.03707742217985638,0.017927121181352305,0.004209493208652475,0.015806088156672254,-0.0055041523161697935,16000,22000
-0.7369057949377076,0.4606055682925909,0.09792578854013056,0.1519252525083159,0.007205568929380436,-0.02947656586871746,-0.0009703251727553805,0.006485530353152903,0.004449867453407537,0.005024654322338715,12000,18000
1.2253029636265045,0.006330791652456758,0.06738621307081294,0.004325865382147076,-0.06871660441745663,-0.0023047409452982837,0.02788898902545637,0.00017643761328433368,-0.0026907726610794908,-0.003815772569505752,30000,60000
1.1323664221814345,-0.2593683648372149,0.061196580643052556,0.10571910872523708,-0.08028611717496054,-0.07137636244339364,-0.008133952554517713,0.0015681919266912106,0.00506272712658707,-0.010205277734999072,15000,25000
1.302319477749677,0.26903814252835423,0.07606190021664894,0.41059550378594784,-0.05420099554698994,0.011426862087425747,0.04017514273661185,-0.0007704833996699259,0.007468171338732465,0.008822534050607338,30000,60000
-0.6304695004814467,0.7814595158688066,0.10114193387321002,0.18269911005663209,-0.30308052253046436,-0.02326989595965089,-0.028532800311760167,-0.005711897979856622,0.005070716634822198,-0.002460639882310032,25000,40000
1.1164822404467154,-0.3413895422373876,0.06178449746385484,-0.26054584619030435,0.12595803921790621,0.11580803045772431,-0.03700364684776953,0.05010041222632517,0.0027476383552684364,-0.004620161964681598,25000,26000
-0.6603045979422277,0.6720079969783905,0.1005909495856514,-0.03542425651863909,-0.08753948848804927,0.003691835701316537,0.012581147358478173,0.0027213350414280867,0.008015842156168358,-0.0013671982855029989,11000,22000
1.1612496521415232,-0.19753706664039905,0.06273974724209541,-0.1550394216650841,0.00642265524714794,-0.01525105121587399,0.017102532237333677,-0.0021358667325061375,0.004545135766276152,-0.011200283978751556,15000,30000
0.03713236504622719,-3.5070989149761687,-0.013754390343485134,0.04429207530211424,-0.022154362925185953,-0.0038503265544512603,-5.01655605091942e-05,0.000588644872159593,0.004038774276847446,-0.004990993179369652,20000,27000
1.3044102081560576,0.23135319042908764,0.07514929734729447,-0.07716013535082655,0.13278350374452186,-0.016062431718295248,0.008983498071774043,-0.002129134687246283,0.002177333284517675,-0.00222728728259889,30000,60000
-0.7802887652468027,0.31814099017721087,0.0923085697455619,-0.021677207769762598,-0.11715152456676567,0.03292541001417035,-0.023038009982623068,-0.0016012531819901263,0.010288288117344755,-0.007242457903457556,15000,20000
1.2019624429842408,-0.05722969377628062,0.06685360782497529,0.07205542798790128,-0.03535278721049216,-0.008455556284211272,0.0012364188724800305,-0.003071236707550354,0.0018820787552190858,0.013974056447928236,25000,35000
0.25027442582327586,0.2910710227880422,0.08756140005795565,0.5483536239239795,0.00482257643296858,0.05436291836047541,0.028900470968402377,0.019776252677536823,2.1947674114614416e-05,-0.032390143917813086,20000,40000
-0.6297827707847858,0.7543030627428174,0.10267800654425496,-0.12107494844127636,-0.08039363836992772,0.06604985018687731,-0.003996437091643275,-0.0031124619978426483,-0.004239454919551402,0.0010197738182021244,30000,60000
1.178000703419611,-0.15125179341456496,0.06195457032987317,-0.20600463164252925,-0.09039129582863567,-0.034444717882911605,0.02582856059478296,-0.0014507433018726042,-0.0009870119735505348,-0.006312892645921209,45000,55000
-0.6440780365432368,0.7151577786480452,0.10524260446377243,-0.06156113786608939,0.16642991702137808,-0.007707550116890876,0.0010809915314307274,-0.0011896752688867075,0.007622639105312256,0.006348463351259123,40000,70000
-0.588179563824792,-2.2172454086288695,0.027046577083112755,0.2326553391934374,0.020846260455629782,-0.007913270515531572,0.03054727461583434,0.00852428490537539,-0.010961868094641546,0.007340475290853232,20000,30000
-0.8053910645753537,0.23465267826500602,0.09196843352384798,-0.11099512927716397,0.05232765008628516,-0.014840997105776816,-0.004074949214284543,-0.005751897834740234,-0.0038453376392203562,-0.004007803947038209,30000,60000
-0.5498773538001318,0.9974594408504976,0.1130861673762058,-0.011443216561974778,0.23260344066610858,-0.00013779124574225116,0.006801180374871844,-0.0015044795610931997,0.0039853657865350466,-0.00453425013091237,30000,45000
-0.6330188180467755,0.764092290086175,0.10509813293983283,0.10876234185507931,0.029238242883729615,-0.0229914901768532,0.019879512167335064,0.0013024370554181924,-0.0018029567337622798,0.008635041921891785,30000,45000
-1.7467642808477684,0.5400875168375312,1.1091386507837124,0.09482828209216328,0.004115573003405579,0.024115980938500727,0.016245833727546476,-0.011405707240228937,0.003812750401962349,0.0022753263479475395,30000,60000
1.1870606556249874,-0.1234044973526176,0.06488986890400517,-0.17557030051785716,0.031240592395104433,0.0005158690384301189,0.015540858185807192,-0.00575741184614222,-0.0001463956973232275,-0.005809930977129589,40000,55000
-0.706934001383674,0.5158028785573721,0.0976981627663509,-0.2307356359017309,0.037582989854479464,0.004823245830990811,0.014064052345198504,-0.006926264651123883,-0.0027910783720291044,-0.006258236868707728,50000,60000
1.2274827371049897,0.010229001958980355,0.06766175307258537,-0.02195579587146109,-0.07695938059297683,0.04545837641738605,0.003009015971247893,-0.005762448150619059,-0.0031854132337181817,0.0002375145570626628,25000,45000
-1.7422974021281026,0.5321217267288322,1.1090711057624008,-0.14095838432058233,0.12340476263518398,-0.04546025118793211,-0.003248552288459383,-0.004011542430234679,-0.016157434234078345,-0.008450436994918906,15000,20000
1.3039998317525514,0.35118622305509695,-1.9228093409526004,0.12806193886038564,0.06067508866534489,-0.014111597050249797,0.021250938871460116,-0.00035627443624446596,0.0037908008288363923,0.001817538653230917,15000,20000
-0.5871380951449865,0.8745764889446446,0.10060971923543072,-0.2300267153199932,-0.28892006828042693,-0.09834325647201851,-0.013716706719477433,0.005155560879887881,-0.009435408800277031,-0.002041591100271402,20000,40000
-0.6224241060836517,0.7898570122112565,0.1041578123676068,0.03510145616205161,-0.08551855682875067,0.03043252076191652,-0.01746713047395862,0.05758845254443762,-0.018865497215458528,-0.0076839326380408,60000,90000
-0.7134066182220544,0.48549767994386417,0.092879510487752,-0.38818459710821096,-0.1997521615808103,0.029891085931836096,-0.0064203166328346845,0.0016442180502298325,-0.006822056418120812,0.006984360511099728,15000,25000
1.220510131656233,-0.006473469569655332,0.06798599452020992,0.025899848035856946,-0.016215326486262865,-0.009665097237342251,0.02856725511676607,0.0028082006647004052,-0.011255641434229984,-0.00291254179512184,28000,55000
0.2901330308428385,0.37013512722244146,0.08739808649898606,0.09880587793116925,0.02322854363302637,0.04095733704521946,-0.02263501440039643,0.054532642820116835,-0.015597454345841751,-0.004826526881764593,35000,65000
-1.6331639418905883,0.9316603544364791,0.11875974342171203,0.14430765215155095,0.06845551425268491,-0.08649989214294446,-0.0916422264507001,-0.00832649838743673,0.011266314538790033,-0.017142633310036376,15000,25000
-0.7638575968278607,0.3451577456580909,0.09631289158289347,-0.2325487797598501,0.14840218534975808,0.12708367638909743,0.01761148100218634,-0.006116328594868166,-0.00254987968232857,0.01242373831352186,45000,55000
-0.7401546158654224,0.43297954558753116,0.09819071135698332,-0.04011249584028401,0.12716975136825492,0.008846320297806628,0.013993211120947703,-0.005847966997690492,0.008657713770336129,-0.0016673614492601274,30000,60000
-0.6572312614955083,0.6719866062895065,0.10198762607463463,-0.12611795562421452,0.026899058348896547,0.014388489982765724,-0.005840271480450561,0.000804128919282775,0.0035862106246964676,0.01068203856081543,30000,40000
1.1577582078826776,-0.18071929904527084,0.06550326573423071,0.1653687225989432,0.034224433397015516,-0.0131959010295007,0.004666369978307763,0.002921052245099957,0.0040226269891839375,0.014990548752731597,20000,40000
-0.7236320365864222,0.4985367332444086,0.09858816533569081,0.1365360747068053,-0.03685868876639223,0.02736975813830035,-0.024316415896333436,-0.009736254941853989,0.0010385090805286948,-0.004490875359338847,25000,45000
-1.0239015050101727,-0.40661441370823614,0.07726320370953799,-0.04841661430375012,0.03196827948449836,0.02342168322631796,0.00078853789339727,-0.0037426096873929256,0.005484311606439026,0.0025882934540182555,20000,40000
-0.8766226092163802,0.02221035701357299,0.08572033039477711,-0.14138857795992768,-0.009646858803458558,-0.051121610595476666,-0.015074452314166608,0.005176110202829551,0.0003991363348730438,0.009514573271062365,12000,24000
1.2297969438605705,0.015314436683477428,0.06976414959636523,-0.027191189668529986,0.06938652242845939,0.01750299064826247,-0.0049894435159713885,-0.0002277161683801323,0.0010064355119841703,0.011145528319402733,35000,45000
0.2560128073513659,0.26486899576295864,0.08436930791592845,0.04778306922492072,0.0016985623794373433,0.05944869641951704,-0.015558140830697682,-0.012382843170463701,0.0017778826779375548,-0.004442321567185022,20000,40000
1.2649179770077525,0.12743990727428844,0.07020891462022494,0.04483540456107908,-0.050771399108189785,-0.06521755699436604,0.033925722936459735,0.009697927965861186,0.004870220077750117,-0.00013840980052540978,20000,25000
-1.648503021062632,0.8512803152133364,0.11374832908447274,-0.2681496051549304,0.008309011583810637,-0.020791841143035023,0.009093567123223798,0.00021333033911675407,0.005941895967138382,0.002236782074938597,15000,30000
-0.9098738948074785,-3.1874811894881834,0.002682972431761854,0.01678480171668409,-0.018824768395932084,-0.0013067457031623354,-0.00105504319193612,0.0027528798204901565,0.004752472763995295,0.01031708367332762,11000,20000
-0.6242336330072225,0.7813350495985616,0.10350400022605521,-0.004330599872705877,-0.05354138278173341,-0.029793963708204845,0.027743155698624247,-0.0008080303088143565,-0.0006907483940240787,0.0009969520742342964,30000,45000
1.1928661656091903,-0.09670495855376204,0.06566143860654039,-0.0703298576653602,0.015944943976420017,-0.03738121195256547,-0.0028573139726724758,-0.0009323717318752146,0.011319891153163626,-0.0026706074944394583,45000,60000
1.2602218924200015,0.10134965886674852,0.06760158567704222,-0.10500657042627512,-0.16393091976387833,0.0037393340558851164,0.027956328039424723,0.00013518045358965817,-0.0031578725609789603,-0.00936205684234247,50000,70000
0.9047668898378536,-0.9463666650925726,0.049139363393437385,-0.00868464513872673,0.17512617639800776,0.05562445298804519,0.02033573820632291,-0.002800537633175391,-0.0012282013935040331,0.01097666814090973,35000,50000
-0.663256401505572,0.6577742501828978,0.10179077670279835,-0.08319518685850821,0.005982352860790477,0.023714667724891395,-0.02838920887096007,-0.008176944395608817,-0.01519174861153979,0.00660765790611406,25000,50000
-1.7063463744168672,0.6930204055904956,0.11048805622212088,-0.12050130873463272,-0.042384052843712106,0.0037737072911928904,-0.027364831876024197,-0.0018970306216051194,0.002963141247176084,0.0013080150331369598,13000,22000
-0.8768967503467009,0.023294332121601702,0.085095262520829,-0.12386619222241442,-0.08524985796894322,0.00581186718136506,-0.010227471560118433,0.0014759827449401135,-0.001238037346698818,-0.0024044598425470376,15000,28000
-0.6403789068979031,0.8482555482494417,-1.8945056355889758,0.1405917371033354,-0.04139865039668299,-0.005771459552813624,0.030544312551223952,0.0031508466350051523,-0.009050791977184978,0.008757651757061261,15000,16000
-0.6298051762190844,0.7543156805101922,0.10266120843206572,-0.12100271627901885,-0.08044287527295463,0.06591131182438728,-0.004193000945534049,-0.0015349394730017236,-0.0036079760163678157,0.0028800276145965744,30000,50000
-0.7935954696449361,0.3756132818078267,-1.905491757878632,-0.07350482186700412,0.04688466467214798,-0.0565760873555959,-0.05782755222157526,-0.005246225878219405,-0.00013038880380680795,0.0008076437431036878,8000,13000
0.24746793991604354,0.2911273463702515,-0.9150794433391052,0.05325828037315701,0.016556133380557364,0.06660914095777482,-0.02035061486446251,-0.010792033606447097,-0.0003348524028180429,0.0004472128959721426,20000,40000
0.15122549362982163,-0.04136268163592116,0.0765030127076547,0.08483611685881788,-0.026697930724768906,0.008888610235589046,0.024245888817238798,-0.0020910072735622386,-0.008510307784422827,0.0059260454398807685,30000,60000
-0.726657058894961,0.4736492097076743,0.09597586987654871,-0.05673833034526495,-0.08373427372156633,0.011325710280132333,0.0015041915208657258,-0.005090583845340614,-0.0001712761727743952,-0.0056756017579268885,16000,25000
-0.7629196032410663,0.3551246742822244,0.09604001015314845,-0.15893752735450248,0.15455170721180206,-0.009442616755384301,0.007150334324740595,-0.004534555687683213,-0.0005181478313749464,-0.00709578019889409,20000,40000
1.2250857107726292,0.0016985821403598944,0.0666647160153051,-0.04552536975919616,-0.0962011839213367,0.007423035281138631,0.02102706952714254,0.001921066173935653,0.003597931751646598,-0.000983350362650676,3000,6000
1.0333829874441616,-0.5594561702937131,0.05665294062658788,0.046802038539605864,0.06832686761732916,-0.008032362364422164,-0.023806592623079458,0.0003997473536305339,0.0010180485891543214,0.011854305645905061,23000,35000
0.250571633852275,0.24401651661466928,0.08303003276910204,-0.013306454488765704,-0.013211573685275008,0.028273808731104782,0.009196925399259178,0.006610462591919386,0.002639246373992531,0.010468501242084956,15000,30000
0.16347863229272752,0.01371995900915235,0.08020098479401616,0.3120853331372436,0.04803952288285489,-0.002582349270776229,-0.004631458409766894,-0.008877496591612064,0.004150654391344391,-0.00583368609940748,30000,60000
-0.5548790266744601,0.995320741296097,0.10886785695279011,0.09680954170046689,-0.07539882954108137,0.006612455605630434,0.05617688060499395,0.00014813574206875017,0.0009621873510527838,-0.004128917178315799,10000,15000
1.0872059679207857,-0.4100414194388926,0.05675051488157745,-0.08979470962902644,-0.10858917260388079,-0.0017802178611285198,-0.020096889672670197,0.0009058389992615656,0.005435311281474731,0.006453664191863142,20000,28000
-0.0067038415406854845,-0.541412354978728,0.06409567038996089,-0.28262222349860733,0.01620595027092945,0.10054864620413444,-0.00517493025683379,0.017181263162299693,0.0025942116240148146,-0.02126195276324462,15000,30000
1.190798276848522,-0.10860646617050063,0.06722338344467937,-0.11760491575048473,0.10757032219591339,0.06202616095612683,0.00025100018340989787,-0.005625607944561971,-0.0007199452304446474,-0.0013989735605666274,15000,20000
1.2171533821997,-0.02277505932225199,0.06834333322377839,-0.03882765160600914,0.04646088030921977,-0.0030869520035711785,0.006331483124754877,-0.0006980297898625416,-0.009079005403341408,0.00884148405365665,25000,40000
-0.6422090511440377,0.7270738436491964,0.10338341238545823,-0.006649014938503284,0.009017794048792493,-0.007558772928988457,0.005249099385398694,-0.005282350122399489,0.009478146824240249,-0.009068123243376342,15000,22000
1.2249351745906032,0.01158269082585417,0.07099602318067255,0.10180043988977976,0.10759546964807278,-0.015825489839277274,-0.05842130762888408,-0.016312559526908202,-0.0035523228436457888,-0.008343765731206921,15000,20000
0.8404949183892829,-1.1305922529006744,0.04289726138426753,0.0409769696240873,0.04960451984195461,0.001341823747759277,0.00400973530301336,-0.004890434276333265,0.009730201527085019,0.004655924779766236,25000,50000
-0.677024790006556,0.6269913260981769,0.10341632664741507,0.045411194787330716,0.14124146560042922,0.006260994459533476,0.01197444272449588,-0.008350165454033278,0.002587729544212781,-0.0017657001421725318,21000,35000
1.2984014115501017,0.21868779140386552,0.06898887327711467,-0.06841620876291629,-0.30229446406791805,-0.011621656586930592,-0.10751352491310676,-0.010847088634514494,-0.0007186034631545615,-0.0027167729386072294,25000,40000
1.2051575405709363,-0.03799297246948452,0.06785114281552529,0.18594490676283815,-0.06801829814933422,0.03334559745136236,-0.017682702180131783,-0.007371784998879536,0.003171109962218723,0.0027134069996087792,25000,40000
-1.8549802333017111,0.24223308339776883,0.0984634078400255,-0.2526230390577032,-0.10746241508587842,0.03014277918574919,-0.040412182550691275,-0.012075634245704726,-0.007813053351831044,0.005522156304711942,25000,35000
0.30362345154765835,0.45372504180481554,-0.9097097712761426,0.02575747183519002,0.13965912360508667,0.057194780532460715,-0.005823399574398048,-0.005189481712284469,-0.008582228127623895,0.014589151187270687,20000,25000
1.1760992916776174,-0.14244730062523314,0.06604961112593033,-0.014751083016702977,0.06818513404517014,-0.0028871384191926225,-0.006432249617781589,-0.004745056463749891,-0.007211266841216049,0.006790668203956491,25000,50000
2.2401829329249923,-0.13312685857910678,0.05633061150258989,-0.1902782859237328,0.08455520395432767,-0.012338944768393336,0.010629930869520613,-0.001805054586101465,-0.006275244648463493,0.001211256828804113,100000,120000
1.044526632734971,-0.5287810835244395,0.058532698623047,0.030476616264449294,0.17763062250947723,-0.04196013367381095,0.006540647646208394,0.001234161190245724,0.0010755458928484608,-0.0027192737123300156,25000,50000
-0.8835689661202102,0.005405456368949291,0.08715721670879084,-0.0831748450618312,0.08593183350874076,-0.015582410078724119,0.03159635166585459,-0.00019064852446292586,-0.012422327757497652,-0.00629393287332629,10000,15000
2.2398743844626514,-0.13339788041976375,0.05651176594356011,-0.18168054958605717,0.09430865758354115,-0.013564443556548036,0.010011355631188242,-0.001932679246131015,-0.006175103964438019,0.0012326685780443577,75000,100000
-0.8359605998330488,0.16025402558625312,0.09165211297830256,0.07854641607347106,0.08179861173169653,-0.02290282605160335,-0.0002591632934072982,-0.002163325919916312,-0.001244424704543284,-0.009360322031890047,30000,60000
1.2638128819728145,0.12749771325613368,0.06992012493022459,0.08083768075673241,-0.10992865118034167,-0.031725287077300005,0.0035892226169199227,-0.001958670688487071,-0.005297740890159473,0.0026092220491966468,35000,55000
0.2994760490165165,0.33057040945230187,1.086164242229247,-0.08501970456937506,0.07958780480198699,-0.015501476155599467,-0.00013845095614486123,-0.0011815817344110883,-0.0004059513100021124,0.01006297445919119,15000,25000
-1.5725174558580728,1.099834870946191,0.12106857576658658,0.007423119305240269,0.013500365662715612,-0.04194962059379734,0.00785447008159587,-0.0014197155116041195,-0.008993123140555167,0.0006843253326681759,17000,30000
2.2398745474096087,-0.133396401094533,0.05651058067394521,-0.18167178787624014,0.09431628871895181,-0.013399503968012493,0.009857844689453171,-0.0003362545143982009,-0.0061449385763945865,-0.0003364099394733023,80000,110000
-0.795578968992263,0.37261501778038697,-1.9041789446648467,-0.029272355182433908,0.09116617912547906,0.011383764040042758,-0.02833384673010671,0.005582127945078274,-0.017611350562005877,0.00842263373949706,12000,18000
0.16958681867759973,0.05109715241779489,-0.921972616959025,-0.06331696406112892,-0.01310182460718616,0.03161168879854507,-0.023061276109517876,-0.005819111000404145,-0.01825391161240901,-0.0060845888789026106,30000,60000
-0.5753507170345662,0.9524335320900205,0.10871522450207882,0.2988737748196862,-0.09273096529565344,-0.03085324992871086,0.02033909115378013,-0.0038542300948091633,-0.006202818700816497,-0.0022195465991851617,15000,30000
1.2679972370981227,0.13605995126785797,0.06992596471377244,0.036988585703401536,-0.10937420924178448,-0.022193012756411067,0.008709797034209306,-2.0412940389879716e-05,-0.005313082618815296,0.0014492897600849935,24000,40000
-0.6327318039542207,0.7622588538330727,0.10370216812562827,0.06896696057361974,-0.05757374553006839,-0.007991981164858022,-1.8073551676588487e-05,-0.0053542734221021316,-0.0029882456206257717,-0.007337273579151905,15000,20000
-0.7365688638424295,0.4397012531433948,0.09983627315923682,-0.07103603913044207,0.23025000415557284,0.012321372970551034,-0.006363137979911055,-0.005776587096360081,-0.0015400070898648824,0.001441601410571691,25000,40000
-0.700823671099295,0.5336982549292308,0.0963647376502994,-0.2470083023343676,-0.08462099005555637,0.0013912173887797759,-0.024891181605899877,-0.012608642187565893,-0.002948244271606993,-0.01211511350337235,30000,60000
-0.7752905778889319,0.33139104775827,0.09558388661864825,-0.01604417209192608,0.12625419077798594,-0.04520985590491511,0.025860825077591264,0.0025305130793174084,-0.019453631793659096,0.000256601223251279,18000,35000
1.2148174384187573,-0.015311315307017681,0.06914733270761664,0.12695783340401234,0.00783675135854163,0.027371731147765765,-0.01652154375218211,-0.008346858742967719,-0.0014528568694071008,0.00019755013310073302,30000,60000
-0.7101909963537296,0.5262300085026039,0.09962690244313288,0.0034410504218037596,0.08164455747511556,-0.04790042148523607,0.006169158539150446,0.000578856773423387,-0.009351233875981798,0.006345285881545714,40000,70000
1.1246277848731734,-0.33785079477266167,1.0601701692866885,0.062286540646837266,-0.08245920808977034,0.006394287351453989,-0.026625195708719337,0.05405001487148631,-0.007325756024758318,-0.01057090325778878,40000,65000
-0.6518918370129279,0.6677067732368954,0.10251476886771904,-0.34256206166214326,0.10202606167183029,0.11281437477578961,-0.013620075670711333,0.05297881726362664,-0.01012678987964658,-0.001736015577231605,35000,65000
0.3140501961309212,0.42001148471615957,0.08792918232150226,-0.13920158917324738,0.10000849886641001,-0.009787224641363172,-0.00011319598237316889,-0.00030336550956380575,-0.010269742234000293,0.014367932123997862,30000,60000
1.2721285481533737,0.13415836424814653,0.0635778731170471,-0.16962922471040828,-0.45085653044831087,0.007700078777854634,0.06590319526235353,0.005829549694996022,-0.0030175936873268125,-0.00444562418256093,20000,27000
0.2823751504304832,0.34705859883281176,0.08681761391214149,0.0967641674532977,0.02233011287035809,0.04178431345774452,-0.02139819211943946,0.054171218478314846,-0.013423521266488918,-0.007242890417184563,35000,60000
0.03713805651366053,-3.5071158170899137,-0.013690169920353767,0.04428294941724416,-0.022030614391035375,-0.004498000881189405,-0.0008478811773398407,0.0008008910712833156,-0.008504393270512802,0.008553605486479099,25000,30000
-1.8568672643945838,-2.8678886427325727,0.019035235640027626,-0.010943862707724565,-0.015730897584651682,0.00021826497307322196,-0.0011434629850219872,-0.004543551012003115,0.0010415405440019013,-0.006946673599977237,20000,30000
0.045658942263705704,-3.5333375364578705,0.9857796846162561,0.039075737354582876,-0.036757295930307396,-0.009910132341210551,0.0025275933986220692,0.018114379546475864,0.00037781874301802583,0.014929546898202911,16000,20000
0.17420584037343545,0.026556710373190073,0.07991875044979357,0.09782491515471219,0.055755290224651845,0.04242564710467565,-0.034995705256766624,-0.010354734920273397,-0.00966087393366988,0.01426032734775544,25000,50000
2.0887775387255685,-0.5640705348308033,0.04687113344641025,0.0038326080601227552,0.055301752247537084,-0.0299902942445788,-0.020734233616995886,-0.004073610040721486,0.007551394947729006,-0.004366950045039845,20000,25000
0.30179512223184624,0.41408272274240765,0.08806816496302616,0.20183125583360656,-0.026791451437976413,0.025788074642800408,-0.009993785080859777,-0.019712501353290994,-0.01700182500555868,0.00042241750152786266,40000,70000
1.1340544087834061,-0.26994001392521083,0.06311610480296981,-0.0492390371530442,0.12309410448642988,-0.06886910586149682,0.008444668166523226,0.0005522906203674223,-0.008037254626752095,-0.001651371749513966,20000,30000
-1.6570479845373438,0.8373723206965163,0.11612869556878236,-0.11905427177081537,0.12434660036971774,-0.016036150848175394,-0.011690502256502998,-0.009426330372099976,-0.014209162444970804,-0.01554190962240804,11000,22000
1.212554048679515,-0.0346208979187661,0.06833236766074169,-0.017184534815215258,0.050195186005416725,0.014733784712064641,-0.0009154669860381732,0.00029394501884784244,0.0032734177887933074,0.010975992058853717,25000,40000
0.30179512223184624,0.41408272274240765,0.08806816496302616,0.20183125583360656,-0.026791451437976413,0.025788074642800408,-0.009993785080859777,-0.019712501353290994,-0.01700182500555868,0.00042241750152786266,30000,60000
0.30179512223184624,0.41408272274240765,0.08806816496302616,0.20183125583360656,-0.026791451437976413,0.025788074642800408,-0.009993785080859777,-0.019712501353290994,-0.01700182500555868,0.00042241750152786266,40000,70000
-1.7004332263378175,0.6567711129092101,1.108678987866595,-0.1605477452577822,-0.06825685073697557,-0.09108476754509774,-0.01631564328059184,0.0032734702378986206,-0.002872360961920766,-0.003802602974680446,25000,50000
0.30179512223184624,0.41408272274240765,0.08806816496302616,0.20183125583360656,-0.026791451437976413,0.025788074642800408,-0.009993785080859777,-0.019712501353290994,-0.01700182500555868,0.00042241750152786266,40000,70000
-0.7104486759345097,0.5269910276706598,0.1004708418774376,0.02893994576659352,0.0843506645439071,0.03723642635891895,-0.007880262006291048,-0.010206803366179722,-0.0011005907464356167,0.0026747750103775967,30000,60000
0.30179512223184624,0.41408272274240765,0.08806816496302616,0.20183125583360656,-0.026791451437976413,0.025788074642800408,-0.009993785080859777,-0.019712501353290994,-0.01700182500555868,0.00042241750152786266,40000,70000
-0.6410897175413273,0.7158434316076345,0.09912295742837385,-0.19933287713993414,-0.20706514599910228,0.029592121811905167,0.015746360581756817,0.003685401461841314,-0.007553038979586711,0.001728177129526077,20000,28000
-0.825077003485998,0.23607577530913026,-0.9078889225251474,-0.014331760446554882,0.04225887789612039,-0.007043873460087082,-0.01406294609792343,-0.0006477703977337007,-0.0004055921997699972,-0.003599306209118181,20000,30000
-1.7398625900087317,0.5979413625088431,0.11026890729469674,-0.059507538471619645,0.10979795619063107,-0.07475286991159535,-0.013811276262159288,-0.004748088032223264,-0.014555426579424517,-0.007538822684911763,10000,15000
1.2027867457461383,-0.0853906944798195,0.06587340283775456,-0.2696473789830063,0.060662545451938193,0.00736010632355542,-0.0035841046823034475,-0.0030830619910596976,-0.011494018734850658,0.0025216332486365225,30000,40000
1.278988328142625,0.15234636814710412,0.07023006545479005,-0.14304002377565436,-0.06688803603346738,0.017567719887164764,0.015726775946603114,-0.0014591143279247332,-0.01294228343677234,0.0003507521101605172,16000,24000
-0.7351048645915581,0.45830032449720426,0.09589286109072903,0.05136197486468039,-0.0745115031449759,-0.043257015161363724,0.026719423241655854,0.013515084465483562,-0.009002749898296723,-0.0013136991556189801,150,200
0.29011902862265204,0.37014404831665015,0.0873822988830395,0.09880395651164008,0.023275718661051548,0.04107652249782044,-0.022328727457853817,0.05410077628533321,-0.013441422461560193,-0.007329485403582463,35000,60000
-1.6929953700936613,0.6832074423240605,1.1125120523598784,-0.08421467598020428,0.08917120674165395,-0.028395211049935917,-0.011316630442783505,-0.00601450594769819,-0.004499455521802468,0.010867653477982126,30000,40000
1.150178915454286,-0.19270014942897395,0.0648382226489228,0.27960765515492747,-0.05446854858623368,0.010495535291907027,-0.040590647496595106,-0.013093740798899503,0.00830244375432124,-0.008048726505396217,30000,50000
1.23693008888455,0.04408427440003215,0.06751626998836624,0.03521088982185437,-0.1532990588000032,-0.00042565951599838475,-0.029997440809242003,-0.004421333440409259,-0.023255272032763237,0.0041635486745500785,18000,20000
0.22379912524000378,0.17193111668787853,0.08139378388194407,0.06724469034161785,-0.03676125244814492,0.0213862029090087,0.0020366711406843378,-0.005698403505924428,-0.007405651311725871,-0.01024901937103416,30000,60000
1.121935181247638,-0.29562855861235016,0.061453094260103036,0.056375915496729295,-0.040737703196760164,0.014763057672563817,-0.025039460432291973,0.0022617003808839088,-0.0032521458167869832,0.0176980188928166,20000,40000
0.30179512223184624,0.41408272274240765,0.08806816496302616,0.20183125583360656,-0.026791451437976413,0.025788074642800408,-0.009993785080859777,-0.019712501353290994,-0.01700182500555868,0.00042241750152786266,20000,40000
0.30179512223184624,0.41408272274240765,0.08806816496302616,0.20183125583360656,-0.026791451437976413,0.025788074642800408,-0.009993785080859777,-0.019712501353290994,-0.01700182500555868,0.00042241750152786266,30000,60000
-0.6452022062724847,0.7336864106974025,0.10447231189419925,0.17424858814166977,-0.023620252708288908,0.027941763039080754,-0.010732188001164121,-0.02029692775578183,-0.01832416634291162,0.0001982645557387936,30000,60000
0.27886609427049214,0.2152533007021048,2.08116995442176,-0.13800771527665942,-0.1033953056383079,0.02633551714989905,-0.007999572721028053,-0.00818201813091492,-0.015794853212631216,-0.007357327139081781,30000,40000
-0.7413024378432171,0.45106090629192874,0.09950035870329943,0.20562379288171878,0.1004589680090151,-0.016791058134495416,0.0008688592015407334,-0.005648387327761698,-0.007259248694614613,-0.0102685482112629,40000,70000
-0.7843135649215758,0.30287640371575597,0.09596787168064047,-0.02676652503612449,0.16808637274343727,0.015905776740782963,0.0012556994597308756,-0.0053256268153100104,-0.005226306396678357,-0.009530061069061693,40000,70000
-0.8063891516025004,0.2565591330583288,0.09608525333038331,0.1950412145322596,0.16140683217262886,0.020390998371351193,0.019274060957359077,-0.00469673668853385,-0.027594059943051082,0.005646744892522964,40000,70000
1.1065645125356385,-0.3342625835346318,0.06223675050697741,0.14648424587186054,0.06757200224107375,-0.014380040282445734,0.013866439862810753,-0.0046098060789111096,-0.0018157153584184484,-0.0031705296412632587,40000,60000
-0.035816099505168175,-0.6034961635421419,0.06313577647700086,-0.014081800135306834,0.009429717233122512,-0.034459421519550115,0.01396439515688454,0.0043679591389792155,-0.021609580647215874,0.009150424808709878,10000,15000
-0.9098895748098983,-3.187459567943871,0.002614012700049795,0.0168750954855528,-0.01918191028430853,-0.0010041570907515715,-0.0009505498775296117,0.0017386990228126728,0.018183808220006467,-0.0018128737767269193,18000,29000
-1.8568602104059406,-2.8679070911702835,0.019098100163961185,-0.010964746529886688,-0.01553967490039701,-2.2088681707214952e-05,-0.0015241418887667526,-0.0008334375011973982,-0.009875017907590216,0.002529641411407375,12000,20000
1.2484754420609168,0.060121632057308694,0.06934505753052056,-0.15397991895069713,0.01330635077686207,0.021239899166791178,-0.010633813287742152,-0.013552034053481888,-0.009340991541213328,-0.010826398358691694,40000,60000
-2.199019832224488,-0.7552428373569966,0.077916402167165,-0.0008911808770917309,0.02247590632962218,-0.021787990939777065,0.016852385972348262,-0.00025977137507547524,-0.010836697714045261,-0.0034730649332255434,20000,35000
-0.6784550417945967,0.6063778120298091,0.09951336054322324,-0.16378523029170394,-0.004202586867773209,-0.011084839115514142,-0.0020748000854222265,-0.010320755601112504,-0.008849452617944141,-0.0092987070598876,30000,60000
0.03712997812422003,-3.5071051009495013,-0.013746864698559236,0.04419924533589578,-0.021966324022014386,-0.004106130189707343,0.0003853519188020179,-0.001548411881370787,-0.0008977796673167882,-0.006569660751360196,20000,30000
1.1667205233874292,-0.16907448757200783,0.06556119971998164,-0.00024305539982938384,0.06024495642736385,0.029414248133560552,0.01750206479640469,-0.0006581011593720387,-0.018496809621692704,0.01377315588887848,45000,60000
0.23521179265939463,0.19777679808622894,0.08277534809295561,-0.015049175945195593,0.06113212116853246,-0.007613144325961326,0.013986817511492588,-0.00236777979662809,-0.01332118152706808,0.005054687933222194,30000,60000
1.1367776520272166,-0.2620318845770051,0.06331302698847185,-0.050663237970862536,0.12399120712076822,-0.0687718604272061,0.00802696632225043,0.0003022373157757828,-0.009568130554337115,-0.000223931754962302,20000,30000
0.9488923949528778,-0.819869680409292,0.048345121072931097,-0.08458019910405158,-0.029873150350716443,0.004239102849566908,-0.001348790596272088,-0.008882278644651328,-0.012537758386946716,-0.00288616890849278,40000,70000
1.1077889683769575,-0.34991876157216817,0.06147793668307733,-0.07251967670071777,0.14797848156061671,-0.05930171873337543,0.02277366035004924,0.0032378697380253344,0.0005681920740249445,-0.0042687114128478285,10000,15000
-0.7843049560185336,0.3028561170554921,0.09599155145073768,-0.02685681587151885,0.1681476604685318,0.015045757747508614,0.0016226294543856632,-0.011260660713866562,-0.012823179921070153,-0.004504515761638,30000,60000
-0.6416553335073503,0.7403017006590719,0.1023971632519518,0.11200142338152767,-0.11805204660088225,-0.030589834039555664,0.012381657451718672,0.002502192110072199,-0.02754085374617426,0.005451836477784602,40000,60000
0.17175446864570532,-0.0006917123149965398,0.07790570970935162,-0.13683956955964732,0.1068897138090125,-0.04837189566261685,0.010007413183307225,0.004252014179724859,-0.022350186871549257,0.013533573198125011,15000,25000
1.227034383082077,-0.009126483403069763,0.06478192624517431,-0.24275392135186796,-0.13434661932706574,-0.010018878020334427,-0.011914908565123816,-0.009338263359254076,-0.007201024667152492,-0.0134067559907031,30000,60000
1.293516819959077,0.19792633475589416,0.07160652714462223,-0.11298838544331681,-0.04885561135974659,0.0021898978407431345,0.018609407590279334,0.0018621717665612285,-0.005565713116969952,0.013810689678037601,30000,35000
1.1581794291166894,-0.19511641458905404,0.06181932877365748,-0.03489421060828518,-0.10091828051001855,-0.03340852171669119,0.014244554644401575,-0.0003038195445781112,-0.006310718136656666,-0.0060475723729096695,40000,60000
-1.624090904106216,0.9251343234818946,0.11660684381493791,-0.23915158822692162,0.032860424811207836,0.035804588004511306,-0.02665563134346733,-0.010581920102562146,-0.0167802277855228,0.004874128800154804,20000,40000
0.22211700880838148,0.2403884984466359,-0.9176170524674654,0.3098382271325524,-0.09154404667837421,-0.09308714403394529,-0.0019200227717259752,0.003326018765352541,-0.020631590365051144,-0.0026330375213097666,15000,25000
-1.8568418836210094,-2.867931912534301,0.019094302466304836,-0.011156027838053618,-0.015337085519012028,-0.0004875209354414517,-0.00041903758294062517,-0.005643245451349018,-0.017449660904655655,-0.007469757519220112,20000,27000
-1.8568651511002585,-2.8678983456804943,0.01913250794479726,-0.01084055789308052,-0.015474652075913836,0.0005268706753059071,-0.0024383219783412485,0.008030369864633824,-0.011085060764558613,0.013524730680614902,20000,35000
1.999346997409737,-0.824992920146832,0.03971268131360084,0.037043134586124404,-0.012533808639973887,-0.05653470177665984,0.002041098830951915,-0.0028164166183014747,-0.005790698835530749,-0.008620988108922529,40000,65000
-0.7128763168614403,0.5175251478963636,0.099014597817912,-0.007163749000164858,0.04407464882383229,-0.016870119800275297,-0.00045782110692710494,-0.0041918768006723025,-0.0002155032528488362,-0.010719826334568455,18000,22000
-1.7124159137044777,0.6694105774056427,0.10991489207230964,-0.183034431163354,-0.005119506281845765,-0.006340210528768594,0.007916994104827582,-0.003946978311357072,-0.008242752658887968,-0.011956904618582844,15000,20000
-0.397557781681968,-1.6656864081017722,0.03947874292245235,0.08864462194861646,0.04796253750752222,-0.028040407627204753,0.013487636944068944,0.0038995197678926884,-0.01723332616590617,0.0086170685761273,10000,15000
1.0585963057743109,-0.49400053963112445,0.056042485433071665,-0.07088204003629991,-0.022912987843167337,-0.022734017352172984,-0.027374454499990677,-0.011290777890118526,-0.005622257877057912,-0.01381022232540183,40000,70000
-0.6112664896726212,0.7985599542654578,0.10616579246853508,-0.2225276883068505,0.1827712604784856,-0.0619665172587142,-0.0002459892079183651,0.015444997906526382,-0.012953144445514047,0.016092530601397696,19000,30000
1.1887426672109243,-0.09978511795472178,0.06611927819735586,0.036522974926331706,-0.01579949061524842,0.007981138091373758,-0.008638808912837928,-0.007218049576368269,-0.0029518003070330007,-0.005974700868109341,30000,50000
-1.5968424763610558,1.020463284987642,0.12171226807838709,-0.05346988883645622,0.16684991164907426,0.0314178684911154,0.010145045515476738,-0.0029438456059115007,-0.012690843839098085,0.0033578598259737967,25000,45000
-0.6242257917765373,0.7813193057159,0.10351967423163666,-0.004426913711880594,-0.05339998078078641,-0.030168747128092168,0.027900410373966164,-0.0018276821089149595,-0.008797047250584854,-0.000705283808868723,35000,45000
0.2557875752317327,0.2577309065921144,0.08323286600186597,-0.03392650748043603,0.000505722431854809,-0.015905513782286464,-0.016292082358378753,-0.0011285090559154237,-0.006555526409839125,0.011221704602324984,18000,35000
1.1527215783595341,-0.21648499688752798,0.06455595388683344,-0.06764219878562427,0.1353392844452212,-0.05980568914038352,-0.002191164204814527,-0.002733727035212038,-0.005610534663943215,-0.015029162075434468,20000,40000
1.1473340611628107,-0.2326472221283178,0.06418509716667753,-0.07003527012572139,0.13650966772585757,-0.05934207943301206,-0.002212876828707749,-0.00303130323299806,-0.006272683688048022,-0.016181791979074586,20000,40000
1.147405835159312,-0.2324162814640467,0.06419963371320847,-0.06974877725086148,0.13700440229996125,-0.05915022643898525,-0.0025302602233291047,-0.002935461855382284,-0.005703884568943867,-0.015589704761480758,20000,40000
1.227034383082077,-0.009126483403069763,0.06478192624517431,-0.24275392135186796,-0.13434661932706574,-0.010018878020334427,-0.011914908565123816,-0.009338263359254076,-0.007201024667152492,-0.0134067559907031,30000,60000
1.2311829465019883,-0.03214287215805656,1.069582440942773,-0.02656839386608019,0.12902877143621821,-0.043157722986179495,-0.011582514912781533,-0.004488434904951072,-0.008312720390165923,0.008591772485200095,20000,40000
-2.803850912858965,-2.548302310871403,0.03548905301001026,-0.03858215408786112,-0.012279373802884935,0.002533391176403974,-0.0015127220223320314,-0.0022823380892916787,-0.007327383406756719,-0.003548095888937652,25000,40000
-2.803850912858965,-2.548302310871403,0.03548905301001026,-0.03858215408786112,-0.012279373802884935,0.002533391176403974,-0.0015127220223320314,-0.0022823380892916787,-0.007327383406756719,-0.003548095888937652,20000,35000
-1.856853584354634,-2.867905998826397,0.019084906078837616,-0.010999486395924275,-0.015450572532572454,0.00037970278012362454,-0.0007743191020276874,-0.001697911686800848,-0.0060050420694037826,-0.0033239429431485843,20000,35000
1.1795805344780748,-0.11831224193094592,0.06640551255399574,0.14048783179344032,-0.03855562490907789,0.08727390824449821,0.007312672606786591,-0.01681967881369082,-0.003391966843689016,-0.013137451345163866,30000,50000
-1.8568684624440328,-2.867888890837171,0.019049672041993482,-0.010912973016398236,-0.015682435731349212,0.0004915879097839929,-0.0012233636084666311,-0.001771349441565758,0.0004694266632346879,-0.008135252352940573,11000,20000
-0.7144141225305867,0.5208951339790433,0.09921380641634148,0.08532249640956664,-0.03221322744970287,0.0915812850370589,0.005835866766177903,-0.017988531618672487,-0.006036649518394894,-0.013585757236742007,25000,50000
1.1795827253184625,-0.11831756599278087,0.06641920364259857,0.14046428851825865,-0.038497632566569864,0.08714730082599012,0.0071821461630026,-0.017248066559760335,-0.006808912534353268,-0.013568586229996028,40000,70000
1.1528198438141044,-0.21152911813576547,0.0647997810108274,-0.013928550947274528,0.10534052008455333,-0.017082673095722683,0.020041603603265366,0.001583416943131886,-0.01138395915762498,0.0069460109783566525,35000,65000
1.1795805344780748,-0.11831224193094592,0.06640551255399574,0.14048783179344032,-0.03855562490907789,0.08727390824449821,0.007312672606786591,-0.01681967881369082,-0.003391966843689016,-0.013137451345163866,30000,60000
1.2264362882136992,-0.039804609857329254,1.0702381270417898,0.053094678804497766,0.11996394039862919,0.03762475893659557,0.0049862247694320554,-0.007039268311440726,-0.013320682137369935,-0.003897707002838995,80000,95000
1.0941813475319724,-0.39070547116856735,0.06015970695323514,-0.07982754046390728,0.10657429263518184,-0.023376417082869364,0.01904413805535573,-0.004410996704838252,-0.00886901003075163,-0.011411693368248382,28000,40000
-0.6810632251380433,0.6630620987692741,-0.8991395519081886,-0.014491007078407371,-0.05723351624197516,0.0152172484669157,-0.027544931642448804,-0.01306640293320326,-0.01616606920824415,-0.0027983053203326086,25000,50000
1.2489852737473726,0.07135443383029128,0.07011724129531904,-0.04299086454346039,0.01633569731784071,-0.014078055354156824,-0.022227177363199513,-0.0025092907064651576,-0.022234014865367704,0.006860123018118511,50000,70000
